-- User data
use iDev4rum
SET IDENTITY_INSERT users ON;
INSERT INTO users (user_id, name, role, account_state, email, title, password_hash, profile_picture, bio, created_at, updated_at) VALUES
(1, 'Alice', 1, 'EXPIRED', 'alice@example.com', 'Developer', 'hash01', 'pic1.jpg', 'Bio of Alice', CURRENT_TIMESTAMP, CURRENT_TIMESTAMP),
(2, 'Bob', 2, 'BANNED', 'bob@example.com', 'Manager', 'hash02', 'pic2.jpg', 'Bio of Bob', CURRENT_TIMESTAMP, CURRENT_TIMESTAMP),
(3, 'Charlie', 1, 'RESTRICTED', 'charlie@example.com', 'Analyst', 'hash03', 'pic3.jpg', 'Bio of Charlie', CURRENT_TIMESTAMP, CURRENT_TIMESTAMP),
(4, 'David', 2, 'EXPIRED', 'david@example.com', 'Designer', 'hash04', 'pic4.jpg', 'Bio of David', CURRENT_TIMESTAMP, CURRENT_TIMESTAMP),
(5, 'Eve', 1, 'BANNED', 'eve@example.com', 'Engineer', 'hash05', 'pic5.jpg', 'Bio of Eve', CURRENT_TIMESTAMP, CURRENT_TIMESTAMP),
(6, 'Frank', 2, 'RESTRICTED', 'frank@example.com', 'Architect', 'hash06', 'pic6.jpg', 'Bio of Frank', CURRENT_TIMESTAMP, CURRENT_TIMESTAMP),
(7, 'Grace', 1, 'EXPIRED', 'grace@example.com', 'Scientist', 'hash07', 'pic7.jpg', 'Bio of Grace', CURRENT_TIMESTAMP, CURRENT_TIMESTAMP),
(8, 'Hannah', 2, 'BANNED', 'hannah@example.com', 'Teacher', 'hash08', 'pic8.jpg', 'Bio of Hannah', CURRENT_TIMESTAMP, CURRENT_TIMESTAMP),
(9, 'Ivy', 1, 'RESTRICTED', 'ivy@example.com', 'Doctor', 'hash09', 'pic9.jpg', 'Bio of Ivy', CURRENT_TIMESTAMP, CURRENT_TIMESTAMP),
(10, 'Jack', 2, 'EXPIRED', 'jack@example.com', 'Lawyer', 'hash10', 'pic10.jpg', 'Bio of Jack', CURRENT_TIMESTAMP, CURRENT_TIMESTAMP),
(11, 'Kathy', 1, 'BANNED', 'kathy@example.com', 'Nurse', 'hash11', 'pic11.jpg', 'Bio of Kathy', CURRENT_TIMESTAMP, CURRENT_TIMESTAMP),
(12, 'Leo', 2, 'RESTRICTED', 'leo@example.com', 'Pilot', 'hash12', 'pic12.jpg', 'Bio of Leo', CURRENT_TIMESTAMP, CURRENT_TIMESTAMP),
(13, 'Mona', 1, 'EXPIRED', 'mona@example.com', 'Artist', 'hash13', 'pic13.jpg', 'Bio of Mona', CURRENT_TIMESTAMP, CURRENT_TIMESTAMP),
(14, 'Nina', 2, 'BANNED', 'nina@example.com', 'Chef', 'hash14', 'pic14.jpg', 'Bio of Nina', CURRENT_TIMESTAMP, CURRENT_TIMESTAMP),
(15, 'Oscar', 1, 'RESTRICTED', 'oscar@example.com', 'Writer', 'hash15', 'pic15.jpg', 'Bio of Oscar', CURRENT_TIMESTAMP, CURRENT_TIMESTAMP),
(16, 'Paul', 2, 'EXPIRED', 'paul@example.com', 'Musician', 'hash16', 'pic16.jpg', 'Bio of Paul', CURRENT_TIMESTAMP, CURRENT_TIMESTAMP),
(17, 'Quinn', 1, 'BANNED', 'quinn@example.com', 'Actor', 'hash17', 'pic17.jpg', 'Bio of Quinn', CURRENT_TIMESTAMP, CURRENT_TIMESTAMP),
(18, 'Rita', 2, 'RESTRICTED', 'rita@example.com', 'Director', 'hash18', 'pic18.jpg', 'Bio of Rita', CURRENT_TIMESTAMP, CURRENT_TIMESTAMP),
(19, 'Sam', 1, 'EXPIRED', 'sam@example.com', 'Producer', 'hash19', 'pic19.jpg', 'Bio of Sam', CURRENT_TIMESTAMP, CURRENT_TIMESTAMP),
(20, 'Tina', 2, 'BANNED', 'tina@example.com', 'Editor', 'hash20', 'pic20.jpg', 'Bio of Tina', CURRENT_TIMESTAMP, CURRENT_TIMESTAMP);
SET IDENTITY_INSERT users OFF;
GO

-- Topic data
SET IDENTITY_INSERT topics ON;
INSERT INTO topics (tag_id, name, hashtag, created_at, updated_at) VALUES
(1, 'Technology', '#tech', CURRENT_TIMESTAMP, CURRENT_TIMESTAMP),
(2, 'Science', '#science', CURRENT_TIMESTAMP, CURRENT_TIMESTAMP),
(3, 'Health', '#health', CURRENT_TIMESTAMP, CURRENT_TIMESTAMP),
(4, 'Education', '#education', CURRENT_TIMESTAMP, CURRENT_TIMESTAMP),
(5, 'Travel', '#travel', CURRENT_TIMESTAMP, CURRENT_TIMESTAMP),
(6, 'Food', '#food', CURRENT_TIMESTAMP, CURRENT_TIMESTAMP),
(7, 'Fashion', '#fashion', CURRENT_TIMESTAMP, CURRENT_TIMESTAMP),
(8, 'Sports', '#sports', CURRENT_TIMESTAMP, CURRENT_TIMESTAMP),
(9, 'Music', '#music', CURRENT_TIMESTAMP, CURRENT_TIMESTAMP),
(10, 'Movies', '#movies', CURRENT_TIMESTAMP, CURRENT_TIMESTAMP),
(11, 'Books', '#books', CURRENT_TIMESTAMP, CURRENT_TIMESTAMP),
(12, 'Art', '#art', CURRENT_TIMESTAMP, CURRENT_TIMESTAMP),
(13, 'Politics', '#politics', CURRENT_TIMESTAMP, CURRENT_TIMESTAMP),
(14, 'Business', '#business', CURRENT_TIMESTAMP, CURRENT_TIMESTAMP),
(15, 'Finance', '#finance', CURRENT_TIMESTAMP, CURRENT_TIMESTAMP),
(16, 'History', '#history', CURRENT_TIMESTAMP, CURRENT_TIMESTAMP),
(17, 'Nature', '#nature', CURRENT_TIMESTAMP, CURRENT_TIMESTAMP),
(18, 'Animals', '#animals', CURRENT_TIMESTAMP, CURRENT_TIMESTAMP),
(19, 'Space', '#space', CURRENT_TIMESTAMP, CURRENT_TIMESTAMP),
(20, 'Gaming', '#gaming', CURRENT_TIMESTAMP, CURRENT_TIMESTAMP);
SET IDENTITY_INSERT topics OFF;

Go

-- Post data
SET IDENTITY_INSERT posts ON;
INSERT INTO posts (post_id, title, description, content, url, state, total_comments, total_up_vote, total_down_vote, total_share, total_view, created_at, updated_at, author_id, tag_id) VALUES
(1, 'Post Title 1', 'Description 1', 'Fck', 'url1', 'PUBLISHED', 10, 5, 1, 2, 100, CURRENT_TIMESTAMP, CURRENT_TIMESTAMP, 1, 1),
(2, 'Post Title 2', 'Description 2', 'Content 2', 'url2', 'DELETED', 5, 2, 0, 1, 50, CURRENT_TIMESTAMP, CURRENT_TIMESTAMP, 2, 2),
(3, 'Post Title 3', 'Description 3', 'Content 3', 'url3', 'SUSPENDED', 8, 3, 1, 3, 80, CURRENT_TIMESTAMP, CURRENT_TIMESTAMP, 3, 3),
(4, 'Post Title 4', 'Description 4', 'Content 4', 'url4', 'PUBLISHED', 6, 4, 2, 4, 60, CURRENT_TIMESTAMP, CURRENT_TIMESTAMP, 4, 4),
(5, 'Post Title 5', 'Description 5', 'Content 5', 'url5', 'DELETED', 7, 5, 3, 5, 70, CURRENT_TIMESTAMP, CURRENT_TIMESTAMP, 5, 5),
(6, 'Post Title 6', 'Description 6', 'Content 6', 'url6', 'SUSPENDED', 9, 6, 4, 6, 90, CURRENT_TIMESTAMP, CURRENT_TIMESTAMP, 6, 6),
(7, 'Post Title 7', 'Description 7', 'DM', 'url7', 'PUBLISHED', 11, 7, 5, 7, 110, CURRENT_TIMESTAMP, CURRENT_TIMESTAMP, 7, 7),
(8, 'Post Title 8', 'Description 8', 'Content 8', 'url8', 'DELETED', 12, 8, 6, 8, 120, CURRENT_TIMESTAMP, CURRENT_TIMESTAMP, 8, 8),
(9, 'Post Title 9', 'Description 9', 'Content 9', 'url9', 'SUSPENDED', 13, 9, 7, 9, 130, CURRENT_TIMESTAMP, CURRENT_TIMESTAMP, 9, 9),
(10, 'Post Title 10', 'Description 10', 'Content 10', 'url10', 'PUBLISHED', 14, 10, 8, 10, 140, CURRENT_TIMESTAMP, CURRENT_TIMESTAMP, 10, 10),
(11, 'Post Title 11', 'Description 11', 'Content 11', 'url11', 'DELETED', 15, 11, 9, 11, 150, CURRENT_TIMESTAMP, CURRENT_TIMESTAMP, 11, 11),
(12, 'Post Title 12', 'Description 12', 'Content 12', 'url12', 'SUSPENDED', 16, 12, 10, 12, 160, CURRENT_TIMESTAMP, CURRENT_TIMESTAMP, 12, 12),
(13, 'Post Title 13', 'Description 13', 'Content 13', 'url13', 'PUBLISHED', 17, 13, 11, 13, 170, CURRENT_TIMESTAMP, CURRENT_TIMESTAMP, 13, 13),
(14, 'Post Title 14', 'Description 14', 'Content 14', 'url14', 'DELETED', 18, 14, 12, 14, 180, CURRENT_TIMESTAMP, CURRENT_TIMESTAMP, 14, 14),
(15, 'Post Title 15', 'Description 15', 'Content 15', 'url15', 'SUSPENDED', 19, 15, 13, 15, 190, CURRENT_TIMESTAMP, CURRENT_TIMESTAMP, 15, 15),
(16, 'Post Title 16', 'Description 16', 'Content 16', 'url16', 'PUBLISHED', 20, 16, 14, 16, 200, CURRENT_TIMESTAMP, CURRENT_TIMESTAMP, 16, 16),
(17, 'Post Title 17', 'Description 17', 'Content 17', 'url17', 'DELETED', 21, 17, 15, 17, 210, CURRENT_TIMESTAMP, CURRENT_TIMESTAMP, 17, 17),
(18, 'Post Title 18', 'Description 18', 'Content 18', 'url18', 'SUSPENDED', 22, 18, 16, 18, 220, CURRENT_TIMESTAMP, CURRENT_TIMESTAMP, 18, 18),
(19, 'Post Title 19', 'Description 19', 'Content 19', 'url19', 'PUBLISHED', 23, 19, 17, 19, 230, CURRENT_TIMESTAMP, CURRENT_TIMESTAMP, 19, 19)
SET IDENTITY_INSERT posts OFF;

-- Comment data
SET IDENTITY_INSERT comments ON;
INSERT INTO comments (comment_id, content, created_at, updated_at, user_id, post_id) VALUES
(1, 'Great post!', CURRENT_TIMESTAMP, CURRENT_TIMESTAMP, 1, 1),
(2, 'Thanks for sharing!', CURRENT_TIMESTAMP, CURRENT_TIMESTAMP, 2, 2),
(3, 'Very informative.', CURRENT_TIMESTAMP, CURRENT_TIMESTAMP, 3, 3),
(4, 'I learned a lot.', CURRENT_TIMESTAMP, CURRENT_TIMESTAMP, 4, 4),
(5, 'Interesting read.', CURRENT_TIMESTAMP, CURRENT_TIMESTAMP, 5, 5),
(6, 'Well written.', CURRENT_TIMESTAMP, CURRENT_TIMESTAMP, 6, 6),
(7, 'I disagree.', CURRENT_TIMESTAMP, CURRENT_TIMESTAMP, 7, 7),
(8, 'Could be better.', CURRENT_TIMESTAMP, CURRENT_TIMESTAMP, 8, 8),
(9, 'Loved it!', CURRENT_TIMESTAMP, CURRENT_TIMESTAMP, 9, 9),
(10, 'Not my taste.', CURRENT_TIMESTAMP, CURRENT_TIMESTAMP, 10, 10),
(11, 'Amazing!', CURRENT_TIMESTAMP, CURRENT_TIMESTAMP, 11, 11),
(12, 'Needs more detail.', CURRENT_TIMESTAMP, CURRENT_TIMESTAMP, 12, 12),
(13, 'Fantastic!', CURRENT_TIMESTAMP, CURRENT_TIMESTAMP, 13, 13),
(14, 'Boring.', CURRENT_TIMESTAMP, CURRENT_TIMESTAMP, 14, 14),
(15, 'Very helpful.', CURRENT_TIMESTAMP, CURRENT_TIMESTAMP, 15, 15),
(16, 'Confusing.', CURRENT_TIMESTAMP, CURRENT_TIMESTAMP, 16, 16),
(17, 'Well explained.', CURRENT_TIMESTAMP, CURRENT_TIMESTAMP, 17, 17),
(18, 'Too long.', CURRENT_TIMESTAMP, CURRENT_TIMESTAMP, 18, 18),
(19, 'Short and sweet.', CURRENT_TIMESTAMP, CURRENT_TIMESTAMP, 19, 19);
SET IDENTITY_INSERT comments OFF;
go
-- Reaction data
SET IDENTITY_INSERT reactions ON;
INSERT INTO reactions (reaction_id, type, created_at, updated_at, user_id, post_id) VALUES
(1, 'UPVOTE', CURRENT_TIMESTAMP, CURRENT_TIMESTAMP, 1, 1),
(2, 'DOWNVOTE', CURRENT_TIMESTAMP, CURRENT_TIMESTAMP, 2, 2),
(3, 'UPVOTE', CURRENT_TIMESTAMP, CURRENT_TIMESTAMP, 3, 3),
(4, 'DOWNVOTE', CURRENT_TIMESTAMP, CURRENT_TIMESTAMP, 4, 4),
(5, 'UPVOTE', CURRENT_TIMESTAMP, CURRENT_TIMESTAMP, 5, 5),
(6, 'DOWNVOTE', CURRENT_TIMESTAMP, CURRENT_TIMESTAMP, 6, 6),
(7, 'UPVOTE', CURRENT_TIMESTAMP, CURRENT_TIMESTAMP, 7, 7),
(8, 'DOWNVOTE', CURRENT_TIMESTAMP, CURRENT_TIMESTAMP, 8, 8),
(9, 'UPVOTE', CURRENT_TIMESTAMP, CURRENT_TIMESTAMP, 9, 9),
(10, 'DOWNVOTE', CURRENT_TIMESTAMP, CURRENT_TIMESTAMP, 10, 10),
(11, 'UPVOTE', CURRENT_TIMESTAMP, CURRENT_TIMESTAMP, 11, 11),
(12, 'DOWNVOTE', CURRENT_TIMESTAMP, CURRENT_TIMESTAMP, 12, 12),
(13, 'UPVOTE', CURRENT_TIMESTAMP, CURRENT_TIMESTAMP, 13, 13),
(14, 'DOWNVOTE', CURRENT_TIMESTAMP, CURRENT_TIMESTAMP, 14, 14),
(15, 'UPVOTE', CURRENT_TIMESTAMP, CURRENT_TIMESTAMP, 15, 15),
(16, 'DOWNVOTE', CURRENT_TIMESTAMP, CURRENT_TIMESTAMP, 16, 16),
(17, 'UPVOTE', CURRENT_TIMESTAMP, CURRENT_TIMESTAMP, 17, 17),
(18, 'DOWNVOTE', CURRENT_TIMESTAMP, CURRENT_TIMESTAMP, 18, 18),
(19, 'UPVOTE', CURRENT_TIMESTAMP, CURRENT_TIMESTAMP, 19, 19);
SET IDENTITY_INSERT reactions OFF;
go
-- BanList data

SET IDENTITY_INSERT ban_lists ON;
INSERT INTO ban_lists (id, state, reason, time_start, time_end, created_at, updated_at, user_id) VALUES
(1, 'BANNED', 'Violation of rules', CURRENT_TIMESTAMP, DATEADD(DAY, 1, CURRENT_TIMESTAMP), CURRENT_TIMESTAMP, CURRENT_TIMESTAMP, 1),
(2, 'BANNED', 'Spamming', CURRENT_TIMESTAMP, DATEADD(DAY, 2, CURRENT_TIMESTAMP), CURRENT_TIMESTAMP, CURRENT_TIMESTAMP, 2),
(3, 'BANNED', 'Harassment', CURRENT_TIMESTAMP, DATEADD(DAY, 3, CURRENT_TIMESTAMP), CURRENT_TIMESTAMP, CURRENT_TIMESTAMP, 3),
(4, 'BANNED', 'Inappropriate content', CURRENT_TIMESTAMP, DATEADD(DAY, 4, CURRENT_TIMESTAMP), CURRENT_TIMESTAMP, CURRENT_TIMESTAMP, 4),
(5, 'BANNED', 'Fake account', CURRENT_TIMESTAMP, DATEADD(DAY, 5, CURRENT_TIMESTAMP), CURRENT_TIMESTAMP, CURRENT_TIMESTAMP, 5),
(6, 'BANNED', 'Multiple accounts', CURRENT_TIMESTAMP, DATEADD(DAY, 6, CURRENT_TIMESTAMP), CURRENT_TIMESTAMP, CURRENT_TIMESTAMP, 6),
(7, 'BANNED', 'Hate speech', CURRENT_TIMESTAMP, DATEADD(DAY, 7, CURRENT_TIMESTAMP), CURRENT_TIMESTAMP, CURRENT_TIMESTAMP, 7),
(8, 'BANNED', 'Copyright infringement', CURRENT_TIMESTAMP, DATEADD(DAY, 8, CURRENT_TIMESTAMP), CURRENT_TIMESTAMP, CURRENT_TIMESTAMP, 8),
(9, 'BANNED', 'Impersonation', CURRENT_TIMESTAMP, DATEADD(DAY, 9, CURRENT_TIMESTAMP), CURRENT_TIMESTAMP, CURRENT_TIMESTAMP, 9),
(10, 'BANNED', 'Fraud', CURRENT_TIMESTAMP, DATEADD(DAY, 10, CURRENT_TIMESTAMP), CURRENT_TIMESTAMP, CURRENT_TIMESTAMP, 10),
(11, 'BANNED', 'Phishing', CURRENT_TIMESTAMP, DATEADD(DAY, 11, CURRENT_TIMESTAMP), CURRENT_TIMESTAMP, CURRENT_TIMESTAMP, 11),
(12, 'BANNED', 'Malware distribution', CURRENT_TIMESTAMP, DATEADD(DAY, 12, CURRENT_TIMESTAMP), CURRENT_TIMESTAMP, CURRENT_TIMESTAMP, 12),
(13, 'BANNED', 'Terrorism', CURRENT_TIMESTAMP, DATEADD(DAY, 13, CURRENT_TIMESTAMP), CURRENT_TIMESTAMP, CURRENT_TIMESTAMP, 13),
(14, 'BANNED', 'Child exploitation', CURRENT_TIMESTAMP, DATEADD(DAY, 14, CURRENT_TIMESTAMP), CURRENT_TIMESTAMP, CURRENT_TIMESTAMP, 14),
(15, 'BANNED', 'Drug trafficking', CURRENT_TIMESTAMP, DATEADD(DAY, 15, CURRENT_TIMESTAMP), CURRENT_TIMESTAMP, CURRENT_TIMESTAMP, 15),
(16, 'BANNED', 'Human trafficking', CURRENT_TIMESTAMP, DATEADD(DAY, 16, CURRENT_TIMESTAMP), CURRENT_TIMESTAMP, CURRENT_TIMESTAMP, 16),
(17, 'BANNED', 'Illegal weapons', CURRENT_TIMESTAMP, DATEADD(DAY, 17, CURRENT_TIMESTAMP), CURRENT_TIMESTAMP, CURRENT_TIMESTAMP, 17),
(18, 'BANNED', 'Money laundering', CURRENT_TIMESTAMP, DATEADD(DAY, 18, CURRENT_TIMESTAMP), CURRENT_TIMESTAMP, CURRENT_TIMESTAMP, 18),
(19, 'BANNED', 'Tax evasion', CURRENT_TIMESTAMP, DATEADD(DAY, 19, CURRENT_TIMESTAMP), CURRENT_TIMESTAMP, CURRENT_TIMESTAMP, 19);
SET IDENTITY_INSERT ban_lists OFF;

-- BookMark data
SET IDENTITY_INSERT bookmarks ON;
INSERT INTO bookmarks (id, created_at, updated_at, user_id, post_id) VALUES
(1, CURRENT_TIMESTAMP, CURRENT_TIMESTAMP, 1, 1),
(2, CURRENT_TIMESTAMP, CURRENT_TIMESTAMP, 2, 2),
(3, CURRENT_TIMESTAMP, CURRENT_TIMESTAMP, 3, 3),
(4, CURRENT_TIMESTAMP, CURRENT_TIMESTAMP, 4, 4),
(5, CURRENT_TIMESTAMP, CURRENT_TIMESTAMP, 5, 5),
(6, CURRENT_TIMESTAMP, CURRENT_TIMESTAMP, 6, 6),
(7, CURRENT_TIMESTAMP, CURRENT_TIMESTAMP, 7, 7),
(8, CURRENT_TIMESTAMP, CURRENT_TIMESTAMP, 8, 8),
(9, CURRENT_TIMESTAMP, CURRENT_TIMESTAMP, 9, 9),
(10, CURRENT_TIMESTAMP, CURRENT_TIMESTAMP, 10, 10),
(11, CURRENT_TIMESTAMP, CURRENT_TIMESTAMP, 11, 11),
(12, CURRENT_TIMESTAMP, CURRENT_TIMESTAMP, 12, 12),
(13, CURRENT_TIMESTAMP, CURRENT_TIMESTAMP, 13, 13),
(14, CURRENT_TIMESTAMP, CURRENT_TIMESTAMP, 14, 14),
(15, CURRENT_TIMESTAMP, CURRENT_TIMESTAMP, 15, 15),
(16, CURRENT_TIMESTAMP, CURRENT_TIMESTAMP, 16, 16),
(17, CURRENT_TIMESTAMP, CURRENT_TIMESTAMP, 17, 17),
(18, CURRENT_TIMESTAMP, CURRENT_TIMESTAMP, 18, 18),
(19, CURRENT_TIMESTAMP, CURRENT_TIMESTAMP, 19, 19);
SET IDENTITY_INSERT bookmarks OFF;

-- Following data
SET IDENTITY_INSERT followings ON;
INSERT INTO followings (follow_id, created_at, updated_at, follower_id, followed_id) VALUES
(1, CURRENT_TIMESTAMP, CURRENT_TIMESTAMP, 1, 2),
(2, CURRENT_TIMESTAMP, CURRENT_TIMESTAMP, 2, 3),
(3, CURRENT_TIMESTAMP, CURRENT_TIMESTAMP, 3, 4),
(4, CURRENT_TIMESTAMP, CURRENT_TIMESTAMP, 4, 5),
(5, CURRENT_TIMESTAMP, CURRENT_TIMESTAMP, 5, 6),
(6, CURRENT_TIMESTAMP, CURRENT_TIMESTAMP, 6, 7),
(7, CURRENT_TIMESTAMP, CURRENT_TIMESTAMP, 7, 8),
(8, CURRENT_TIMESTAMP, CURRENT_TIMESTAMP, 8, 9),
(9, CURRENT_TIMESTAMP, CURRENT_TIMESTAMP, 9, 10),
(10, CURRENT_TIMESTAMP, CURRENT_TIMESTAMP, 10, 11),
(11, CURRENT_TIMESTAMP, CURRENT_TIMESTAMP, 11, 12),
(12, CURRENT_TIMESTAMP, CURRENT_TIMESTAMP, 12, 13),
(13, CURRENT_TIMESTAMP, CURRENT_TIMESTAMP, 13, 14),
(14, CURRENT_TIMESTAMP, CURRENT_TIMESTAMP, 14, 15),
(15, CURRENT_TIMESTAMP, CURRENT_TIMESTAMP, 15, 16),
(16, CURRENT_TIMESTAMP, CURRENT_TIMESTAMP, 16, 17),
(17, CURRENT_TIMESTAMP, CURRENT_TIMESTAMP, 17, 18),
(18, CURRENT_TIMESTAMP, CURRENT_TIMESTAMP, 18, 19),
(19, CURRENT_TIMESTAMP, CURRENT_TIMESTAMP, 19, 20),
(20, CURRENT_TIMESTAMP, CURRENT_TIMESTAMP, 20, 1);
SET IDENTITY_INSERT followings OFF;

-- PostReport data
SET IDENTITY_INSERT post_reports ON;
INSERT INTO post_reports (id, state, reason, created_at, updated_at, post_id, reporter_id, inspector_id) VALUES
(1, 'PROCESSING', 'Inappropriate content', CURRENT_TIMESTAMP, CURRENT_TIMESTAMP, 1, 1, 2),
(2, 'ACCEPTED', 'Spam', CURRENT_TIMESTAMP, CURRENT_TIMESTAMP, 2, 2, 3),
(3, 'REJECTED', 'Harassment', CURRENT_TIMESTAMP, CURRENT_TIMESTAMP, 3, 3, 4),
(4, 'PROCESSING', 'Fake news', CURRENT_TIMESTAMP, CURRENT_TIMESTAMP, 4, 4, 5),
(5, 'ACCEPTED', 'Copyright infringement', CURRENT_TIMESTAMP, CURRENT_TIMESTAMP, 5, 5, 6),
(6, 'REJECTED', 'Hate speech', CURRENT_TIMESTAMP, CURRENT_TIMESTAMP, 6, 6, 7),
(7, 'PROCESSING', 'Impersonation', CURRENT_TIMESTAMP, CURRENT_TIMESTAMP, 7, 7, 8),
(8, 'ACCEPTED', 'Fraud', CURRENT_TIMESTAMP, CURRENT_TIMESTAMP, 8, 8, 9),
(9, 'REJECTED', 'Phishing', CURRENT_TIMESTAMP, CURRENT_TIMESTAMP, 9, 9, 10),
(10, 'PROCESSING', 'Malware', CURRENT_TIMESTAMP, CURRENT_TIMESTAMP, 10, 10, 11),
(11, 'ACCEPTED', 'Terrorism', CURRENT_TIMESTAMP, CURRENT_TIMESTAMP, 11, 11, 12),
(12, 'REJECTED', 'Child exploitation', CURRENT_TIMESTAMP, CURRENT_TIMESTAMP, 12, 12, 13),
(13, 'PROCESSING', 'Drug trafficking', CURRENT_TIMESTAMP, CURRENT_TIMESTAMP, 13, 13, 14),
(14, 'ACCEPTED', 'Human trafficking', CURRENT_TIMESTAMP, CURRENT_TIMESTAMP, 14, 14, 15),
(15, 'REJECTED', 'Illegal weapons', CURRENT_TIMESTAMP, CURRENT_TIMESTAMP, 15, 15, 16),
(16, 'PROCESSING', 'Money laundering', CURRENT_TIMESTAMP, CURRENT_TIMESTAMP, 16, 16, 17),
(17, 'ACCEPTED', 'Tax evasion', CURRENT_TIMESTAMP, CURRENT_TIMESTAMP, 17, 17, 18),
(18, 'REJECTED', 'Bribery', CURRENT_TIMESTAMP, CURRENT_TIMESTAMP, 18, 18, 19),
(19, 'PROCESSING', 'Corruption', CURRENT_TIMESTAMP, CURRENT_TIMESTAMP, 19, 19, 20);
SET IDENTITY_INSERT post_reports OFF;
